ID,KOR,ENG
M000,머쉬베,Mushbae
M001,머쉬브로,Mushbro
M002,시드풋,Seed-foot
M003,플라워퐁,Flower-pong
M004,미니웹,Mini-web
M005,스파이크더,Spikeder
M006,할로윈벳,Halloween-bat
M007,블러디벳,Bloody-bat
M008,베이,Bay
M009,거스,Gus
M010,라스,Wrath
M011,피카베,Peekabae
M012,피카부,Peekaboo
M013,프라이드,Pride
M014,피어,Fear
M015,앤비,Envy
M016,악몽,Nightmare
RNDEVT1_NAME,강한 바람,
RNDEVT2_NAME,숲 속 샘,
RNDEVT3_NAME,물이 담겨 있는 식물,
RNDEVT4_NAME,잃어버린 가방,
RNDEVT5_NAME,선홍빛 과일,
RNDEVT6_NAME,몬스터의 소리,
RNDEVT7_NAME,어두운 길,
RNDEVT8_NAME,푸른 색 과일,
RNDEVT9_NAME,잠겨있는 상자,
RNDEVT10_NAME,빠른 돌진,
RNDEVT11_NAME,쉬고있는 새,
RNDEVT12_NAME,붉은 빛의 버섯,
RNDEVT13_NAME,가시 박힌 상자,
RNDEVT14_NAME,나무에 걸린 쪽지,
RNDEVT15_NAME,빛에 반응하는 쪽지,
RNDEVT16_NAME,가시나무 속 쪽지,
RNDEVT17_NAME,신비한 약초,
RNDEVT18_NAME,벌꿀,
RNDEVT19_NAME,푸른 빛 버섯 ,
RNDEVT20_NAME,마른 하늘의 비,
RNDEVT21_NAME,야생 동물,
RNDEVT22_NAME,함정,
RNDEVT23_NAME,도둑맞다,
RNDEVT24_NAME,뽀족 바위,
RNDEVT25_NAME,흐르는 물,
RNDEVT26_NAME,숨다,
RNDEVT27_NAME,작은 친구,
RNDEVT28_NAME,작은 친구의 선물,
RNDEVT29_NAME,네잎 클로버,
RNDEVT30_NAME,기분 좋은 발걸음,
RNDEVT31_NAME,수풀에 둘러싸인 연못,
RNDEVT32_NAME,무리에서 떨어진 몬스터,
RNDEVT33_NAME,특이하게 생긴 상자,
RNDEVT34_NAME,사람들의 흔적,
RNDEVT35_NAME,비어있는 오두막,
RNDEVT36_NAME,동물 쉼터,
RNDEVT37_NAME,비 피하기,
RNDEVT38_NAME,따끔한 벌레,
RNDEVT39_NAME,작은 도둑,
RNDEVT40_NAME,동물 사냥,
RNDEVT1_DESC,"강한 바람이 불어오는 소리가 들려 바람이 불어오는 방향을 바라보니 쪽지가 바람에 날려 가는 것이 보인다. 
지금 날리고 있는 높이로는 뛰어서 쫓아간다면 충분히 손으로 잡을 수 있을 것 같다.
뛰어가서 잡아볼까?",
RNDEVT2_DESC,"물이 흐르는 소리를 따라 걷다 보니 물이 흐르고 있는 샘을 발견했다.
샘 주변에서 다른 소리는 안 들리니 잠시 쉬어가도 괜찮겠지?",
RNDEVT3_DESC,"길을 거닐다. 앞에 주머니처럼 생긴 식물을 발견했다.
약초학자가 책을 찾아보니 주머니 안에 있는 물은 마실 수 있는 물이라고 말한다.",
RNDEVT4_DESC,"나무에 찢어져 내용물이 새어 나온 가방이 걸려있다. 마을 약초꾼들이 약초를 캘 때 사용하는 가방인데 무언가를 보고 급하게 도망치면서 챙기지 못한 듯하다.
가방의 안쪽에 사용할 수 있는 물건이 있는지 확인해 볼까?",
RNDEVT5_DESC,"달콤한 향기에 이끌려 걸어간 곳에는 선홍빛 과일이 있었다.
평소에 지친 몸을 회복하기 위해 먹던 과일과 같아 먹으려고 했으나 약초학자가 잘 모르는 음식은 먹으면 안 된다고 말린다. 
과일을 먹어볼까?",
RNDEVT6_DESC,"뒷쪽에서 다수의 몬스터들이 다가오는 듯한 소리가 들려온다.
잠시 숨어서 몬스터들이 지나가는 것을 기다려야 할 것 같다.
주변에 있는 풀 숲을 더 크게 꾸미거나 옆에 있는 큰 나무 뒤에 잠깐 숨어서 기다릴 수 있을 것 같다.
어느 쪽에 숨어야 할까?",
RNDEVT7_DESC,"숲 깊은 곳까지 들어오니 주변이 많이 어둡다.
가시 나무가 크게 자라나 있어 랜턴을 밝게 비춰 길을 잘 보며 걸어가야 할 것 같은데 랜턴을 더 강하게 할까?",
RNDEVT8_DESC,"풀숲에서 풍겨오는 새콤한 향기에 잠시 길을 멈추고 풀숲을 헤쳐보니 푸른색의 과일이 있었다.
예전에 즐겨 먹었던 푸른색 과일이랑 비슷하게 생겼지만 비슷하게 생긴 독이 있는 과일 일 수 있다. 
어떻게 할까?",
RNDEVT9_DESC,"길 위에 잠겨있는 작은 상자가 있다.
상자를 흔들어보니 안쪽에는 물건이 있는 거 같다. 
힘으로 열면 안에 있는 물건을 챙겨갈 수 있을 거 같은데 약초 학자는 마녀의 함정일 수 도 있으니 지나가자고 한다.
어떻게 할까?",
RNDEVT10_DESC,"시끄러운 소리가 들려 앞을 바라보니 몬스터 한 마리가 우리를 향해 빠르게 돌진하고 있었다.
한 마리이지만 너무 빠르게 다가오고 있기 때문에 활로 맞출 수 없을 것 같다.
랜턴 빛을 강하게 비춰 몬스터가 피하게 만들거나 부딪치는 순간에 맞춰서 옆으로 피해야 할 것 같다.
어떻게 할까?",
RNDEVT11_DESC,"부스럭 소리가 나서 둘러보니 새 한 마리가 깃털을 정리하고 있었다.
거리가 가까워 돌을 던지거나 화살로 쉽게 맞출 수 있는 거리 같은데 어떻게 할까?",
RNDEVT12_DESC,"바위 사이에서 은은한 붉은빛이 감도는 버섯을 찾았다.
예전에 화려한 버섯은 독이 있다고 듣긴 했는데...
한 번 먹어볼까?",
RNDEVT13_DESC,"나무 사이에 가시가 박혀있는 상자를 찾았다.
조금 열려있어 내용물을 살짝 들여다보니 랜턴 오일이 있다.
상자의 자물쇠 부분이 낡아 있어 돌로 내려치면 쉽게 열리겠지만
오일병이 깨질것 같고 손으로 열면 손에 상처가 나 아플 것 같다 어떻게 할까?",
RNDEVT14_DESC,"약초학자가 잠시 길을 멈추고 손짓으로 나무 위를 가르켰다.
그곳에는 쪽지가 있었지만 높은 곳에 걸려있기 때문에 나무를 타면 피곤할 것 같다.
주변에 있는 돌을 던져서 쪽지를 떨어트려볼까?",
RNDEVT15_DESC,"길에서 아무것도 적혀있지 않은 쪽지를 찾았다.
랜턴을 가까이하니 글씨가 조금씩 생기는 것 같다.
시간이 조금 걸리지만 기다리거나 랜턴 빛을 강하게 비춰보면 금방 내용을 확인 할 수 있을 듯 하다.
어떻게 할까?",
RNDEVT16_DESC,"가시나무속에 쪽지가 보인다. 
손을 뻗어서 충분히 가져올 수 있는 거리이지만 꺼내는 중에 쪽지가 찢어져 내용을 확인하지 못할 것 같고 손이 다칠 것 같다.
어떻게 할까?",
RNDEVT17_DESC,"빛의 밝기에 따라 색이 다르게 보이는 신비한 약초를 발견했다.
약초 학자의 말로는 랜턴 빛을 강하게 쬐어준다면 체력을 회복시켜주는 약초로 사용하는 것이 가능한다고 한다.
랜턴 빛을 강하게 해볼까?
",
RNDEVT18_DESC,"달콤한 향기에 이끌려 걷다 보니 나무에서 벌집을 발견했다!
주위에 벌들이 있어서 가져오기는 힘들 것 같지만 어떻게 잘 하면 가져올 수 있을 거 같다. 
가져올까?
",
RNDEVT19_DESC,"어두운 숲속에서 은은하게 푸른빛으로 빛나고 있는 버섯을 찾았다.
약초 학자의 말로는 푸른 버섯은 약한 독이 있지만 빛을 비춰 해독이 가능하다고 한다.
랜턴의 빛으로 해독하고 먹어볼까?",
RNDEVT20_DESC,"마른하늘에 갑자기 비가 쏟아지기 시작했다.
주변을 둘러보니 큰 나무가 있어 잠시 쉬어갈 수 있을 것 같다.
잠시 나무 밑에서 시간을 보내며 비가 그치길 기다렸다 갈까?",
RNDEVT21_DESC,"시끄러운 소리가 들려 자세를 낮추고 앞을 주시했다.
지나가려고 했던 길목에 굶주린 야생 동물 무리가 있었다.
가방에 있는 물건으로 주의를 돌리고 그 사이에 지나가거나 조용하게 옆으로 돌아가면 될 것 같은데 어떻게 할까?",
RNDEVT22_DESC,"길에 함정들이 놓여져 있다. 아무래도 마녀의 몬스터들이 우리를 잡기 위해 설치해 놓은 것 같다.
함정의 구조를 살펴보니 시간이 조금 걸리겠지만 안전하게 함정을 분해하고 물건만 가져갈 수 있을 것 같다.
어떻게 할까?",
RNDEVT23_DESC,"앞에 수상해 보이는 풀 숲이 있다. 
풀 숲이 계속 움직이는 것을 보니 작은 몬스터가 숨어있는 것 같은데, 아무래도 우리가 지나가는 것을 기다리다 덮치려고 하는 것 같다.
랜턴 빛을 비춰서 쫓아내거나 작은 몬스터라서 피해갈 수 있을 것 같다 어떻게 할까?",
RNDEVT24_DESC,"뽀족하게 있는 바위 사이 틈에 쪽지처럼 보이는 것이 있다.
바위 사이에 상처가 생기겠지만 손을 넣어서 꺼내거나 주변에 긴 나뭇가지를 주워와
꺼내봐야할 것 같다.",
RNDEVT25_DESC,"물 흐르는 소리가 들려 따라 걷다 보니 조금 멀리 물웅덩이가 보이기 시작했다
거리가 좀 멀지만 물의 색이 조금 이상해보인다.
마치, 마녀가 쓸 것 같은 약물의 색인거 같다.
어떻게 할까?",
RNDEVT26_DESC,"길을 걷다 주변을 살펴보니 몬스터들이 있었던 흔적을 발견했다.
언제 몬스터들이 있었는지는 잘 모르겠지만 아직 근처에 있을 수 있으니
잠시 풀숲에 숨어서 상황을 지켜보고 길을 지나갈까?",
RNDEVT27_DESC,"나무 사이에 작은 동물이 쓰러져 있는 것이 보인다.
먹기에는 너무 작아 신경쓰지 않고 지나가려 했지만 약초학자가 동물이 불쌍해 신경쓰인다고 한다.
작은 동물 친구를 도와줄까?",
RNDEVT28_DESC,"지난 번에 도움을 줬던 작은 동물 친구가 앞에 나타났다.
작은 친구는 마치 자기를 따라오라는 듯이 행동을 하는 데 어떻게 할까?",
RNDEVT29_DESC,"잠시 쉬어가는 중 약초학자가 잡초들 사이에서 뭔가를 찾아 웃으며 가져왔다.
네잎 클로버라는 것인데 행운을 불러오는 신비한 풀이라고 한다.
행운을 불러오는 풀이라 흥미가 생긴다.
나도 한번 찾아볼까?",
RNDEVT30_DESC,"기분 좋은 발걸음으로 길을 걷다 갈림길을 맞이했다.
지난번에 행운을 불러주는 네잎클로버를 찾아서인지 불행한 일이 생기는 것 같지 않다.
앞에 보이는 갈림길에서도 분명 좋은 일이 생길 것 같다",
RNDEVT31_DESC,"물이 흐르는 소리가 들려 주변을 둘러보니 작은 연못이 있었다. 
연못 주변에는 우거진 수풀이 자라있어 물을 마시거나 주변 수풀을 뒤져보며 쓸만한 물건이 있는지 찾아볼 수 있을 것 같다. 
어떻게 할까?",
RNDEVT32_DESC,"이상한 소리가 들려 주변을 살펴보니 무리에서 떨어진 몬스터가 보였다.
자신이 속해있던 무리에서 떨어진 지 꽤 오래되어 많이 지쳐 보인다.
랜턴 빛을 비추고 화살을 쏘면 금방이라도 쓰러질 것 같은데 어떻게 할까?",
RNDEVT33_DESC,"길에 특이하게 생긴 상자가 덩그러니 놓여있어
살펴보았더니 열쇠 구멍이 지난번에 연못에서 찾은 특이하게 생긴 열쇠가 딱 맞을 것 같지만
마녀가 우리를 잡기 위해 놓은 함정일지도 모른다.
어떻게 할까?",
RNDEVT34_DESC,"사람들이 있던 흔적이 있는 곳에 도착했다.
아마도 마을 사람들이 나를 찾기 위해 여기까지 왔다 돌아간 것 같다.
둘러보니 오래되고 적은 양이지만 오일과 포션을 만들 수 있는 재료가 있어 내가 가진 재료를 더 해 만들 수 있을 것 같다.
어떻게 할까?",
RNDEVT35_DESC,"길에 덩그러니 오두막이 있었다.
오두막에 가까이 다가가 주변을 살펴보니 사용된 지 오래돼 보였다.
문이 열려있어 시간만 충분하다면 오두막을 둘러보며 쓸만한 물건을 찾아볼 수 있을 것 같다.
어떻게 할까?",
RNDEVT36_DESC,"동물 소리가 들려 가까이 다가가 보니 여러 동물이 물을 마시며 쉬어가는 연못을 찾았다.
편히 쉬는 동물들을 보니 안전하게 쉬어갈 수 있는 곳처럼 보인다.
잠시 쉬어갈까?",
RNDEVT37_DESC,"숲이 평소보다 어두워 보여 하늘을 바라보니 금방이라도 비가 내릴 것 같아
주변을 둘러보니 동굴과 나무 주변에 비를 피하려고 동물들이 모여있었다.
어디서 비를 피하는 게 좋을까?",
RNDEVT38_DESC,"팔에 따끔한 느낌이 들어서 확인해보니 벌레한테 물렸는지 부어오르고 있었다.
어떤 벌레인지는 모르겠지만 약초학자가 독 벌레일 수도 있어 제대로 치료하고 가야 한다고 한다.
어떻게 할까?",
RNDEVT39_DESC,"길에서 잠시 쉬는 도중에 작은 동물이 우리 가방에서 물건을 훔쳐서 도망쳤다! 
작은 동물은 재빠르게 도망치고 있지만 금방 쫓아 물건을 되찾을 수 있을 것 같다. 
어떻게 할까?",
RNDEVT40_DESC,"쾅 하고 큰 소리가 들려 다가가 살펴봤더니 사냥을 끝마친 동물이 쉬고 있었다.
사냥한 직후라 방심한 지금 공격해 사냥한다면 충분히 사냥할 수 있을 것 같다. 
어떻게 할까?",
RNDEVT1_SEL1NAME,달려가 잡아본다.,
RNDEVT2_SEL1NAME,쉬지 않고 지나간다.,
RNDEVT3_SEL1NAME,마신다.,
RNDEVT4_SEL1NAME,확인하지 않는다.,
RNDEVT5_SEL1NAME,먹지 않는다,
RNDEVT6_SEL1NAME,풀 숲에 숨는다.,
RNDEVT7_SEL1NAME,랜턴 빛을 더 강하게 한다,
RNDEVT8_SEL1NAME,먹지 않는다.,
RNDEVT9_SEL1NAME,열지 않는다.,
RNDEVT10_SEL1NAME,랜턴 빛을 강하게 한다.,
RNDEVT11_SEL1NAME,화살을 쏜다.,
RNDEVT12_SEL1NAME,먹지 않는다.,
RNDEVT13_SEL1NAME,손을 사용해 연다,
RNDEVT14_SEL1NAME,"나무를 타고 올라간다. 
",
RNDEVT15_SEL1NAME,랜턴을 밝게 한다,
RNDEVT16_SEL1NAME,손을 뻗어 가져온다,
RNDEVT17_SEL1NAME,랜턴 빛을 강하게 한다.,
RNDEVT18_SEL1NAME,빨리 뛰어 가져온다,
RNDEVT19_SEL1NAME,랜턴 빛을 강하게 한다,
RNDEVT20_SEL1NAME,잠시 쉬었다 간다.,
RNDEVT21_SEL1NAME,가방에 있는 물건을 던진다,
RNDEVT22_SEL1NAME,함정을 해제하고 물건을 챙겨간다.,
RNDEVT23_SEL1NAME,쫓아낸다,
RNDEVT24_SEL1NAME,손으로 꺼낸다.,
RNDEVT25_SEL1NAME,마시지 않는다.,
RNDEVT26_SEL1NAME,풀 숲에 숨는다.,
RNDEVT27_SEL1NAME,도와준다.,
RNDEVT28_SEL1NAME,따라간다.,
RNDEVT29_SEL1NAME,찾아본다.,
RNDEVT30_SEL1NAME,왼쪽길,
RNDEVT31_SEL1NAME,연못에서 물을 마신다.,
RNDEVT32_SEL1NAME,공격한다.,
RNDEVT33_SEL1NAME,열쇠를 사용해 열어본다.,
RNDEVT34_SEL1NAME,오일을 만든다.,
RNDEVT35_SEL1NAME,안쪽을 둘러본다.,
RNDEVT36_SEL1NAME,쉬어간다.,
RNDEVT37_SEL1NAME,동굴로 간다.,
RNDEVT38_SEL1NAME,치료하고 간다.,
RNDEVT39_SEL1NAME,쫓아간다.,
RNDEVT40_SEL1NAME,사냥한다.,
RNDEVT1_SUC1DESC,"쪽지를 붙잡는 데 성공했다.
(쪽지 내용)
잊어버리기 전에 다이어리에 적어두자.",
RNDEVT2_SUC1DESC,"쉬지 않고 지나간다.
지금은 빨리 숲에서 탈출하고 싶다.",
RNDEVT3_SUC1DESC,적은 양의 물이었지만 나눠 마시고 길을 나섰다,
RNDEVT4_SUC1DESC,"찢어져 있는 가방에는 아무것도 없을 거야
빨리 지나가자",
RNDEVT5_SUC1DESC,"나보다 약초나 숲을 잘 알고 있는 약초학자의 말을 안 들어서 좋을 건 없다.
아쉽지만 먹지 말고 지나가자.",
RNDEVT6_SUC1DESC,"주변에 가장 우거진 풀숲을 다른 풀숲까지 합치고 몸을 숨겼다.
몸을 숨기고 얼마 지나지 않아 몬스터의 무리가 앞을 지나갔다.
다행히도 풀숲까지 찾아보지 않아서 발견되지 않았다.",
RNDEVT7_SUC1DESC,"랜턴 빛을 비춰 길을 더 밝게 하니 길이 잘 보인다.
어두워서 제대로 못봤었지만 가시 나무들이 빼곡하게 자라있어서 잘못했다면 가방이 찢어져 물건을 잃어버렸을 지도 모르겠다.
....
길을 지나고 가방을 확인해보니 다행이도 가방이 찢어진거 같지는 않다.",
RNDEVT8_SUC1DESC,괜히 모르는 과일을 먹어서 몸 상태가 안 좋아질 수 있으니 먹지 않고 길을 나섰다.,
RNDEVT9_SUC1DESC,"상자의 내용물이 조금 아깝지만 약초 학자의 말처럼 마녀의 함정일 수도 있다.
상자를 다시 내려놓고 길을 나섰다.",
RNDEVT10_SUC1DESC,"우리는 랜턴 빛을 강하게 해서 몬스터가 달려오는 것을 막기로 했다.
...
랜턴 빛을 강하게 비췄더니 작은 몬스터는 놀라며 도망쳤다.",
RNDEVT11_SUC1DESC,"숨을 죽이고 활을 조준했다.
새가 빈틈을 보여 틈을 놓치지 않고 쐇다!
...
화살은 새를 정확하게 명중했고 우리는 새에게 다가가 정리하고 가방에 넣었다.",
RNDEVT12_SUC1DESC,"약초학자의 말도 일리가 있고 예전에 사냥을 하면서
산에서 화려한 건 독이 있어서 조심해야 한다고 했어 확실하지 않으니 먹지 말고 지나가자.",
RNDEVT13_SUC1DESC,랜턴 오일은 많이 있으면 좋으니 손이 조금 아프지만 상자를 열어서 랜턴 오일을 챙겼다.,
RNDEVT14_SUC1DESC,"나무를 타고 올라간다.
사냥감을 찾기 위해서 배운 나무를 타는 방법을 배워두길 잘한 거 같다.
빠르게 올라가 쪽지를 가져왔다.
(쪽지 내용)
잊어버리기 전에 다이어리에 적어두자.",
RNDEVT15_SUC1DESC,"랜턴 빛을 밝게 만들었더니 쪽지에 글자가 보이기 시작한다.
(쪽지 내용)
잊어버리기 전에 다이어리에 적어두자.",
RNDEVT16_SUC1DESC,"손을 조금 뻗어 쪽지를 가져왔다.
손이 조금 다쳤지만 쪽지를 온전히 가져와서 다행이다.
(쪽지 내용)
잊어버리기 전에 다이어리에 적어두자.",
RNDEVT17_SUC1DESC,"랜턴 빛을 강하게 하여 약초에 빛을 쬐어주었다.
약초에 빛을 쬐어주니 약초의 색이 조금 변했다.
약초 학자가 지금 먹으면 된다고 해서 약초를 먹었더니 몸에서 힘이 조금 나는 것 같다.",
RNDEVT18_SUC1DESC,"나무에 있는 꿀을 채취하기 하려면 벌들이 있어서 조금 쏘여서 아플 것 같지만 빠르게 다녀오면 괜찮겠지!
...
벌에게 조금 쏘였지만 다행히도 나눠먹을 만큼의 꿀은 챙겨왔다.
함께 꿀을 나눠먹고 길을 나섰다.",
RNDEVT19_SUC1DESC,"랜턴 빛을 강하게 해서 버섯에 충분히 빛을 흡수시켜 독을 해독했다.
맛은 그럭저럭이었지만 몸이 가벼워지는 느낌이 든다.",
RNDEVT20_SUC1DESC,"나무 밑에서 잠시 비를 피하며 쉬어가기로 했다.
약초 학자와 함께 비를 보며 잠시 쉬었다.
....
얼마 지나지 않아 비는 그쳤고 다시 길을 나섰다.",
RNDEVT21_SUC1DESC,"가방에 있는 물건을 던져 시선을 돌리고 길을 지나가기로 했다.
가방에 있는 물건을 던져서 동물들의 시선을 돌리고 빠르게 길을 지나갔다.",
RNDEVT22_SUC1DESC,"몬스터들이 설치한 함정의 구조를 이해하는 데 시간이 조금 걸렸지만 완벽하게 해제하는 데 성공하여
함정에 있던 물건를 가방에 넣고 길을 나섰다.",
RNDEVT23_SUC1DESC,"랜턴 빛을 강하게 해 몬스터를 쫓아내기로 했다.
풀 숲 근처로 이동하니 몬스터가 달려들었지만 랜턴 빛을 강하게 비췄더니 도망갔다.",
RNDEVT24_SUC1DESC,"바위 틈이 좁지만 손을 넣어 쪽지처럼 보이는 것을 꺼냈다.
꺼내는 과정에서 손에 상처가 났지만 다행히도 쪽지였다!
(쪽지 내용)
잊어버리기 전에 다이어리에 적어두자.",
RNDEVT25_SUC1DESC,"목이 좀 마르지만 안전하지 않은 물을 마시는 건 좋지 않은 생각인 것 같다
마시지 않고 길을 재촉했다.",
RNDEVT26_SUC1DESC,"풀숲에 숨어 잠시 상황을 살폈다.
잠시 후 몬스터들이 모이더니 무슨 이야기를 나누다 이동했다.
이제 길을 나서도 될 것 같다.",
RNDEVT27_SUC1DESC,"약초학자가 계속 신경쓰일 것 같아 작은 동물 친구를 도와주기로 했다.
약초학자는 능숙하게 상처를 파악하고 치료하는 데 도움이 되는 약초를 발라 도움을 주고 길을 나섰다.
작은 동물 친구는 우리가 나서는 길을 계속 바라보았다.",
RNDEVT28_SUC1DESC,"약초학자가 의기양양하게 따라가자고 한다.
작은 동물 친구를 따라가니 그 곳에는 요리 재료가 있었다.
적은 양이지만 빠르게 챙기고 길을 나섰다.",
RNDEVT29_SUC1DESC,"방금 약초학자가 찾아온 잡초 사이에서
똑같이 생긴 풀을 찾아보자
...
잠시 길을 멈추고 풀숲을 뒤졌다.
아까 약초학자가 찾은 것 보다는 작지만 네잎 클로버를 찾았다!
약초학자에게 자랑하고 기분 좋게 길을 나섰다.",
RNDEVT30_SUC1DESC,"왼쪽길을 따라 걷다보니 평소의 숲보다 따뜻해보이는 분위기의
쉬어갈 수 있는 장소가 있었다.
잠시 지친 몸을 쉬고 다시 길을 나섰다.",
RNDEVT31_SUC1DESC,연못에서 물을 충분히 마시고 길을 나섰다.,
RNDEVT32_SUC1DESC,"내 신호에 맞춰 약초학자는 랜턴의 불빛을 몬스터에게 비췄고
몬스터가 당황한 틈을 타 몬스터에게 화살을 쏴서 몬스터를 처치했다.
몬스터를 쓰러뜨리고 몬스터가 지니고 있던 물건을 챙겨 길을 나섰다.",
RNDEVT33_SUC1DESC,"수상하지만 열쇠를 사용해서 상자를 열었다.
상자 안에는 생존에 필요한 물건이 있어 가방에 넣고 길을 나섰다.",
RNDEVT34_SUC1DESC,"오래된 씨앗을 재료로 썼지만 다행히도 오일의 상태가 좋아보여
가방에 챙겨 길을 나섰다.",
RNDEVT35_SUC1DESC,"오두막 안쪽을 둘러보기로 했다.
오두막의 주인은 약초학과 요리에 관심이 많았는지 
약초와 요리에 필요한 향신료들이 있어 가방에 챙기고 길을 나섰다.",
RNDEVT36_SUC1DESC,"평화로운 분위기에 잠시 쉬어가기로 했다.
물을 마시며 약초학자랑 이런저런 이야기를 하고 길을 나섰다.",
RNDEVT37_SUC1DESC,"동굴에서 비를 피하기로 했다.
동굴에는 큰 동물들이 모여있어 조금 무서웠지만, 다행히 우리에게 적대적인 동물이 없어
비를 피하고 길을 나섰다.",
RNDEVT38_SUC1DESC,"약초학자 말대로 독 벌레일 수 있으니 제대로 치료하고 가기로 했다.
약초학자는 능숙하게 벌레한테 물린 곳을 소독하고 근처에 있는 풀을 빻아 물린 곳에 붙여주었다.
치료를 마치고 약초학자한테 고맙다고 말하고 길을 나섰다.",
RNDEVT39_SUC1DESC,"금방 쫓을 수 있는 거리 같아 쫓아갔다.
우리는 작은 동물이 은신처에 숨어버리기 전에 잡았고 훔친 물건은 은신처에 물건을 모아두는 것 같다. 
은신처에 있던 물건도 챙겨 길을 나섰다.",
RNDEVT40_SUC1DESC,"방심한 지금 화살을 쏴서 사냥하는 것이 좋을 것 같다.
쉬고 있는 동물을 향해 화살을 쐈고 많이 지쳐있는 상태라서 손쉽게 처치할 수 있었다.
당분간은 사냥하지 않아도 될 정도의 고기를 가방에 넣고 길을 나섰다.",
RNDEVT1_FAIL1DESC,힘껏 달려 쫓아가보았지만 쪽지는 너무 높게 날아가 잡을 수 없게 되었다.,
RNDEVT2_FAIL1DESC,,
RNDEVT3_FAIL1DESC,,
RNDEVT4_FAIL1DESC,,
RNDEVT5_FAIL1DESC,,
RNDEVT6_FAIL1DESC,"주변에 가장 우거진 풀숲을 다른 풀숲까지 합치고 몸을 숨겼다
몸을 숨기고 얼마 지나지 않아 몬스터 무리가 도착했고 주변을 수색했다.
....
몬스터가 우리의 위치를 알았다!",
RNDEVT7_FAIL1DESC,,
RNDEVT8_FAIL1DESC,,
RNDEVT9_FAIL1DESC,,
RNDEVT10_FAIL1DESC,"우리는 랜턴 빛을 강하게 해서 몬스터가 달려오는 것을 막기로 했다.
...
랜턴 빛을 강하게 비췄지만, 몬스터는 랜턴 빛에 개의치 않고 계속 돌진해 부딪쳤고
몬스터는 그대로 지나갔다.",
RNDEVT11_FAIL1DESC,"숨을 죽이고 활을 조준했다.
새가 빈틈을 보여 틈을 놓치지 않고 쐇다!
...
화살은 아쉽게도 새를 맞추지 못했고 새는 놀라서 날라갔다.",
RNDEVT12_FAIL1DESC,,
RNDEVT13_FAIL1DESC,,
RNDEVT14_FAIL1DESC,"나무를 타고 올라간다.
사냥감을 찾기 위해서 배운 나무를 타는 방법을 배워두길 잘한 거 같다.
빠르게 올라가 쪽지를 가져왔다.
...
하지만 쪽지의 내용을 읽어볼 수 없을 정도로 회손이 되어 있었다.
힘을 낭비한거 같다.",
RNDEVT15_FAIL1DESC,"랜턴 빛을 밝게 만들었더니 쪽지에 글자가 보이기 시작한다.
하지만, 빛을 너무 강하게 한것이 문제였을 까 쪽지가 일그러져 내용을 읽을 수 없게 되었다...",
RNDEVT16_FAIL1DESC,,
RNDEVT17_FAIL1DESC,,
RNDEVT18_FAIL1DESC,"나무있는 꿀을 채취하기 하려면 벌들이 있어서 조금 쏘여서 아플 것 같지만 빠르게 다녀오면 괜찮겠지!
...
벌들은 생각보다 훨씬 제빠르고 강했다....
조금 쏘였지만 다행히도 벌들을 따돌리는 데 성공했다.",
RNDEVT19_FAIL1DESC,,
RNDEVT20_FAIL1DESC,,
RNDEVT21_FAIL1DESC,,
RNDEVT22_FAIL1DESC,"몬스터들이 설치한 함정을 시간을 들여서 살펴보았지만 함정의 구조를 이해하는 데 실패했다.
아쉽지만, 함정을 피해서 길을 지나가야겠다.",
RNDEVT23_FAIL1DESC,,
RNDEVT24_FAIL1DESC,"바위 틈이 좁지만 쪽지의 내용을 확인하기 위해서
손을 넣어 쪽지처럼 보이는 것을 꺼냈다.
꺼내는 과정에서 손에 상처가 났지만 아쉽게도 쪽지가 아니었다...",
RNDEVT25_FAIL1DESC,,
RNDEVT26_FAIL1DESC,,
RNDEVT27_FAIL1DESC,"약초학자가 계속 신경쓰일 것 같아 작은 동물 친구를 도와주기로 했다.
약초학자는 능숙하게 작은 친구의 상처를 파악하고 치료하는 데 도움이 되는 약초를 상처에 발라 도움을 주려 했으나 너무 늦은 나머지 그만 작은 동물 친구는 버티지 못하고 죽었다.",
RNDEVT28_FAIL1DESC,,
RNDEVT29_FAIL1DESC,"방금 약초학자가 찾아온 잡초 사이에서 똑같이 생긴 풀을 찾아보자.
....
잠시 길을 멈추고 주변에 풀숲을 뒤져보았지만 네잎 클로버는 없었다....
아쉽지만 더 이상 시간을 지체할 수 없기 때문에 길을 나섰다.",
RNDEVT30_FAIL1DESC,,
RNDEVT31_FAIL1DESC,,
RNDEVT32_FAIL1DESC,"내 신호에 맞춰 약초학자는 랜턴의 불빛을 몬스터에게 비췄고
몬스터가 당황한 틈을 타 몬스터에게 화살을 쏴서 몬스터를 공격했지만
몬스터에게 맞추지 못해 몬스터가 도망갔다.
아쉽지만 길을 나섰다.",
RNDEVT33_FAIL1DESC,"수상하지만 열쇠를 사용해서 상자를 열었다.
상자 안에는 내용물이 비어있어 아쉽지만 길을 나섰다.",
RNDEVT34_FAIL1DESC,"역시 오래된 씨앗을 재료로 썼더니 만든 오일의 상태가 별로 좋지 않았다.
아쉽지만 길을 나섰다.",
RNDEVT35_FAIL1DESC,"오두막 안쪽을 둘러보기로 했다.
오두막을 꼼꼼히 뒤져보았지만 쓸만한 물건이 보이지 않아
아쉽지만 길을 나섰다.",
RNDEVT36_FAIL1DESC,"잠시 쉬어가기 위해 연못으로 다가갔지만
동물들이 금방이라도 공격할 것처럼 경계해 아쉽지만 쉬지 못하고 길을 나섰다.",
RNDEVT37_FAIL1DESC,,
RNDEVT38_FAIL1DESC,,
RNDEVT39_FAIL1DESC,"금방 쫓을 수 있는 거리 같아 쫓아갔다.
금방이라도 잡을 수 있을 것 같아 뛰어갔지만, 너무 빠르게 도망가서 잡지 못했다.
잃어버린 물건은 아쉽지만 길을 나섰다.",
RNDEVT40_FAIL1DESC,"방심한 지금 화살을 쏴서 사냥하는 것이 좋을 것 같다.
쉬고 있는 동물을 향해 화살을 쐈고 아무리 지쳤어도 우리를 상대하는 데는 문제가 없는 듯이 우리를 쫓아왔다.
도망가는 도중에 다행히 우리를 포기하고 다시 돌아갔다.",
RNDEVT1_SEL2NAME,따라가지 않는다.,
RNDEVT2_SEL2NAME,잠시 쉬어간다.,
RNDEVT3_SEL2NAME,마시지 않는다.,
RNDEVT4_SEL2NAME,확인한다.,
RNDEVT5_SEL2NAME,먹는다,
RNDEVT6_SEL2NAME,큰 나무 뒤에 숨는다.,
RNDEVT7_SEL2NAME,조심히 지나가보자,
RNDEVT8_SEL2NAME,먹는다.,
RNDEVT9_SEL2NAME,열어본다.,
RNDEVT10_SEL2NAME,옆으로 피한다.,
RNDEVT11_SEL2NAME,돌을 던진다.,
RNDEVT12_SEL2NAME,먹는다.,
RNDEVT13_SEL2NAME,도구를 사용해서 연다.,
RNDEVT14_SEL2NAME,지나간다.,
RNDEVT15_SEL2NAME,지나간다.,
RNDEVT16_SEL2NAME,지나간다.,
RNDEVT17_SEL2NAME,그냥 먹는다.,
RNDEVT18_SEL2NAME,돌맹이를 던진다..,
RNDEVT19_SEL2NAME,그냥 먹는다.,
RNDEVT20_SEL2NAME,시간이 없다 뛰어간다.,
RNDEVT21_SEL2NAME,소리로 시선을 돌리고 지나간다.,
RNDEVT22_SEL2NAME,"함정을 해제하지 않고
물건을 챙겨간다.",
RNDEVT23_SEL2NAME,옆으로 피해본다.,
RNDEVT24_SEL2NAME,지나간다,
RNDEVT25_SEL2NAME,마신다.,
RNDEVT26_SEL2NAME,지나간다.,
RNDEVT27_SEL2NAME,도와주지 않는다.,
RNDEVT28_SEL2NAME,따라가지 않는다.,
RNDEVT29_SEL2NAME,찾지 않는다.,
RNDEVT30_SEL2NAME,오른 쪽 길,
RNDEVT31_SEL2NAME,주변 수풀을 뒤져본다.,
RNDEVT32_SEL2NAME,조용히 지나간다.,
RNDEVT33_SEL2NAME,마녀의 함정일지도 모른다 지나가자.,
RNDEVT34_SEL2NAME,포션을 만든다.,
RNDEVT35_SEL2NAME,지나간다.,
RNDEVT36_SEL2NAME,지나간다.,
RNDEVT37_SEL2NAME,나무 밑으로 간다.,
RNDEVT38_SEL2NAME,그냥 간다.,
RNDEVT39_SEL2NAME,그냥 간다.,
RNDEVT40_SEL2NAME,지쳐 보여도 큰 동물은 위험하니 그냥 지나간다.,
RNDEVT1_SUC2DESC,"뛰어간다고 해도 쪽지를 붙잡을 수 있는 것은 아니다.
괜히 시간 낭비하지 말고 빨리 숲에서 탈출하자.",
RNDEVT2_SUC2DESC,약초학자와 함께 목을 충분히 축이고 지나갔다.,
RNDEVT3_SUC2DESC,혹시 모르니 마시지 말고 지나가자.,
RNDEVT4_SUC2DESC,찢어져있는 가방이라서 내용물이 많이 없지만 다행히도 사용할 수 있는 물건을 찾아서 가방에 넣었다.,
RNDEVT5_SUC2DESC,"사냥이 끝나고 항상 먹던 과일이라고 약초학자에게 설명하고 같이 나눠 먹었다.
....
역시 내가 알고 있는 과일이 맞았기에 같이 맛있게 먹고 지나갔다.",
RNDEVT6_SUC2DESC,"가장 큰 나무 뒤에 숨었다.
얼마 지나지 않아 몬스터 무리가 도착했고 주변을 수색했다.
몬스터 중 한 마리가 나무 바로 앞까지 왔었지만 다행히 눈치채지 못하고 지나갔다.",
RNDEVT7_SUC2DESC,"랜턴 빛을 더 강하게 비출 여력이 없어 조심히 지나가야겠다.
....
길을 지나고 나서 보니 어두워서 제대로 못 봤었지만 가시나무들이 빼곡하게 자라있어서 잘못했다면 가방이 찢어져 물건을 잃어버렸을 것 같다.",
RNDEVT8_SUC2DESC,"새로운 음식을 먹어서 효능을 확인하는 것도 역시 모험이지 않을까?
먹어서 확인해 보자!
...
과일을 씹어먹자 새콤한 향기가 주위에 퍼진다.
다행히 독은 없어 몸에 이상이 없었고 과일을 먹었더니 힘이 조금 난다.",
RNDEVT9_SUC2DESC,"상자의 내용물이 정말 탐났기 때문에 약초 학자의 말을 무시하고 힘을 줘서 문을 열었다.
....
다행히 마녀의 함정은 아니었다.
안쪽에는 오일이 있어서 오일을 챙겨서 길을 나섰다.",
RNDEVT10_SUC2DESC,"랜턴 빛을 강하게 하면 랜턴에 무리가 갈 것 같아
몬스터가 돌진하는 타이밍에 옆으로 피하기로 했다.
...
다행히도 몬스터와 부딪치는 타이밍에 옆으로 피하는 데 성공했다!",
RNDEVT11_SUC2DESC,"굳이 활로 쏘지 않아도 충분히 돌을 던져서 맞출 수 있는 거리인 것 같아 돌을 던지기로 했다.
...
새가 빈틈을 보이는 순간 있는 힘껏 돌을 던졌다!
돌은 새의 머리를 맞췄고 쓰러진 새에게 다가가 정리하고 가방에 넣었다.",
RNDEVT12_SUC2DESC,"은은한 붉은빛이 마치 고기를 보는 듯한 느낌인데 먹으면 맛있지 않을까?
라는 생각과 함께 한입 크게 먹었다.
다행히도 독은 없었고 오히려 먹기 전보다 건강해진 느낌이다.",
RNDEVT13_SUC2DESC,"주위에 돌멩이를 사용해서 상자를 열어야겠다.
돌멩이로 상자의 이음새 부분을 타격했다. 그러자 상자가 열렸고 다행히도 오일도 멀정하게 있었다.
오일을 챙겨서 길을 나섰다.",
RNDEVT14_SUC2DESC,"지금은 쪽지보다 길을 나서는 게 더 중요한거 같다.
빨리 지나가자.",
RNDEVT15_SUC2DESC,"쪽지의 내용이 궁금했지만
오일을 이런 곳에 사용할 여유가 없다.
아쉽지만 길을 나섰다.",
RNDEVT16_SUC2DESC,"지금은 쪽지보다 길을 나서는 게 더 중요한거 같다.
아쉽지만 쪽지는 다음에 찾아야 할 거 같다.",
RNDEVT17_SUC2DESC,"랜턴 빛을 쬐어주면 체력을 회복할 수 있다고는 하지만 그렇다면 그냥 먹어도 충분히 회복할 수 있지 않을까?
...
빛을 쬐지 않고 약초를 먹었다. 몸에 힘이 조금 나는 것 같다.",
RNDEVT18_SUC2DESC,"돌멩이를 던져서 벌집을 떨어트리고 가져오면 되지 않을까?
....
돌멩이를 던져서 벌집을 맞춰 떨어트리는 데 성공했다!
다행히 벌들은 다른 곳에서 돌멩이가 날라왔다고 착각해 그쪽으로 이동했기 때문에 무사히 꿀을 나눠먹을 수 있었다.",
RNDEVT19_SUC2DESC,"약한 독이라면 충분히 견딜 수 있을 것 같다.
그냥 먹어보자
...
다행히도 약한 독이라서 피해는 없었다.
조금 시큼한 맛이었지만 몸이 조금 가벼워진 느낌이다.",
RNDEVT20_SUC2DESC,"나무에서 쉬어가도 되지만 빨리 집으로 돌아가기 위해서는 쉴 시간은 없기 때문에 지나갔다.
...
뛰어가다 보니 비가 금방 그쳐 별다른 피해 없이 지나갔다.",
RNDEVT21_SUC2DESC,"돌멩이를 나무에 던져 소리를 내서 동물들의 시선을 돌리고 빠르게 길을 지나가기로 했다.
...
다행히도 동물들은 소리가 울린 쪽으로 이동하여 길을 지나갈 수 있었다.",
RNDEVT22_SUC2DESC,"몬스터들이 설치한 함정은 너무 허술해서
함정이 걸리는 부분만 잘 피해서 지나간다면 해제하지 않고 재료를 챙겨서 지나갈 수 있을 것 같아
잘보고 지나가기로 했다.
...
역시 몬스터들이 만든 함정은 허술해 함정에 있던 물건을 챙겨 지나갔다.",
RNDEVT23_SUC2DESC,"작은 몬스터이기 때문에 피할 수 있을 것 같다.
...
풀 숲 옆을 지나가려 하자 몬스터가 공격했다.
몬스터가 공격하는 순간에 피하는 데 성공 했다.
반격 할려고 준비 했으나 작은 몬스터는 급하게 몸을 숨겨 공격하지는 못했다.",
RNDEVT24_SUC2DESC,"바위 사이에 있는 것이 쪽지라는 확신이 없는 상태에서 꺼내서 확인할 이유는 없다.
쪽지는 다음에 찾고 길을 나섰다.",
RNDEVT25_SUC2DESC,"조금 색이 이상하지만 충분히 마실 물인 것 같아 마시기로 했다.
...
역시 맛이 조금 이상하지만 충분히 마실 수 있는 물이었다.",
RNDEVT26_SUC2DESC,"길 위에 몬스터의 흔적은 언제 생겼는지 모르는 것이다.
조용히 지나간다면 몬스터들이 눈치채지 못하게 하고 지나갈 수 있을 것이다.
....
다행히도 숨을 고르며 조용히 지나가니 몬스터에게 발각되지 않았다.",
RNDEVT27_SUC2DESC,"작은 동물 친구가 불쌍하지만
숲을 빨리 지나가는 것이 중요하다.",
RNDEVT28_SUC2DESC,"아무리 우리가 도움을 준 동물이지만
야생 동물은 믿으면 안된다.
괜히 시간 낭비하지 말고 지나가자.",
RNDEVT29_SUC2DESC,"행운을 불러오는 풀에 흥미가 생기지만
이미 약초학자가 하나를 찾았으니 괜찮을 것 같다.
다음에 여유가 된다면 같이 찾아보기로 하고 길을 나섰다.",
RNDEVT30_SUC2DESC,"오른 쪽 길을 따라 것다보니 길 위에 상자가 있었다.
쉽게 열릴 것 같아 열어보니 상자의 안에는 여행에 필요한 물건이 있어
가방에 넣고 다시 길을 나섰다.",
RNDEVT31_SUC2DESC,"주변의 수풀을 뒤져보니 특이하게 생긴 열쇠를 찾았다.
쓸모가 있어 보여 특이한 열쇠를 챙겨 길을 나섰다.",
RNDEVT32_SUC2DESC,"몬스터의 상태를 보니 금방이라도 쓰러질 것 같아
굳이 싸울 필요 없이 조용히 지나갈 수 있을 것 같아 조용히 지나가기로 했다.",
RNDEVT33_SUC2DESC,"길 위에 상자가 덩그러니 놓여있는 건 우리를 붙잡기 위한 함정일 것이다. 
불안하니 연못에서 주웠던 열쇠도 버리고 가자.",
RNDEVT34_SUC2DESC,"오래된 약초을 재료로 썼지만 다행히도 포션의 상태가 좋아보여
가방에 챙겨 길을 나섰다.",
RNDEVT35_SUC2DESC,"길에 덩그러니 오두막이 있는 건 수상한 것 같다.
괜히 시간 낭비하지 말고 지나가자.",
RNDEVT36_SUC2DESC,"물을 마시며 쉬어가는 것도 좋지만
지금 다가간다면 동물들이 경계하며 공격할 수 있으니 다른 곳에서 쉬는 게 좋을 것 같아
길을 나섰다",
RNDEVT37_SUC2DESC,"나무 밑에서 비를 피하기로 했다.
나무 주변에는 작은 동물들이 비를 피하려고 모여있었다.
작은 동물들은 같이 비를 피하는 우리를 위해 나무 열매를 줘 열매를 먹으며 비를 피했다.
잠시 후 비가 그쳐 길을 나섰다.",
RNDEVT38_SUC2DESC,"약초학자의 말대로 독 벌레일 수 있지만 벌레한테 물려서 부어오른 것일 수 있다.
그냥 지나가기로 했고 다행히도 붓기가 금방 빠지는 걸 보니 독 벌레는 아니었던 거 같다.",
RNDEVT39_SUC2DESC,"물건을 도둑맞은 건 아쉽지만
아쉬운 마음을 뒤로하고 길을 나섰다.
",
RNDEVT40_SUC2DESC,"많이 지쳐 보여도 위험 할 수 있다.
지금은 쉬고 있어 우리 쪽에 신경을 안 쓰는 것 같으니 지금 길을 지나가면 될 것 같아
들키지 않게 조용히 길을 지나갔다.",
RNDEVT1_FAIL2DESC,,
RNDEVT2_FAIL2DESC,"샘 근처로 가까이 가니 주변에 몬스터들이 있었다. 
몬스터들 때문에 쉬지 못하는 건 아쉽지만 길을 나서야겠다.",
RNDEVT3_FAIL2DESC,,
RNDEVT4_FAIL2DESC,"역시 찢어진 가방에는 사용 가능한 물건은 없었다.
아쉽지만 길을 다시 나섰다.",
RNDEVT5_FAIL2DESC,"사냥이 끝나고 항상 먹던 과일이라고 약초학자에게 설명하고 같이 나눠 먹었다.
....
하지만, 내가 알고 있는 과일이 아니었다.
약초학자 말 듣고 지나갈껄….",
RNDEVT6_FAIL2DESC,"가장 큰 나무 뒤에 숨었다.
얼마 지나지 않아 몬스터 무리가 도착했고 주변을 수색했다.
....
몬스터 한마리가 우리의 위치를 알았다!",
RNDEVT7_FAIL2DESC,"랜턴 빛을 더 강하게 비출 여력이 없어 조심히 지나가야겠다.
....
길을 지나고 나서 보니 어두워서 제대로 못봤었지만 가시 나무들이 빼곡하게 자라있어서 가방이 조금 찢어져 물건을 잃어버린 것 같다.",
RNDEVT8_FAIL2DESC,"새로운 음식을 먹어서 효능을 확인하는 것도 역시 모험이지 않을까?
먹어서 확인해 보자!
...
과일을 씹어먹자 주변에 시큼한 향기가 퍼졌다...
아무래도 상한 과일을 먹어 속이 안 좋아진 거 같다..",
RNDEVT9_FAIL2DESC,"상자의 내용물이 정말 탐났기 때문에 약초 학자의 말을 무시하고 힘을 줘서 문을 열었다.
....
상자를 열었더니
마녀가 만든 약물이 터져 나왔다
약물을 뒤집어쓰니 힘이 빠지는 것 같다",
RNDEVT10_FAIL2DESC,"몬스터가 돌진하는 타이밍에
옆으로 피하기로 했다.
...
하지만, 너무 빠르게 돌진하고 있었기 때문에 피하지 못해 부딪쳤고
몬스터는 그대로 지나갔다.",
RNDEVT11_FAIL2DESC,"굳이 활로 쏘지 않아도 충분히 돌을 던져서 맞출 수 있는 거리인 것 같아 돌을 던지기로 했다.
...
새가 빈틈을 보이는 순간 돌을 던졌다!
아쉽지만 돌은 새를 못 맞추고 새를 놓쳤다.",
RNDEVT12_FAIL2DESC,"은은한 붉은빛이 마치 고기를 보는 듯한 느낌인데 먹으면 맛있지 않을까?
라는 생각과 함께 한입 크게 먹었다.
하지만, 입에 넣자마자 속이 아프기 시작했다. 역시 산에서 모르는 음식은 먹는 게 아닌 듯하다.",
RNDEVT13_FAIL2DESC,"주위에 돌멩이를 사용해서 상자를 열어야겠다. 돌멩이로 상자의 이음새 부분을 타격했다.
상자는 무사히 잘 열렸지만 돌멩이로 상자를 친 충격이 너무 커 상자 안에 있는 랜턴 오일이 들어있는 병이 깨져버렸다.",
RNDEVT14_FAIL2DESC,,
RNDEVT15_FAIL2DESC,,
RNDEVT16_FAIL2DESC,,
RNDEVT17_FAIL2DESC,"랜턴 빛을 쬐어주면 체력을 회복할 수 있다고는 하지만 그렇다면 그냥 먹어도 충분히 회복할 수 있지 않을까?
...
약초를 먹었지만 딱히 힘이 샘솟는 다거나 하는 느낌은 없다.",
RNDEVT18_FAIL2DESC,"돌멩이를 던져서 벌집을 떨어트리고 가져오면 되지 않을까?
....
돌멩이를 던져서 벌집을 맞춰 떨어트렸지만
벌들이 돌멩이를 던진 것을 봐버려 우리를 쫓아왔다.
우리는 벌꿀이 아쉬웠지만 빨리 도망쳤다.",
RNDEVT19_FAIL2DESC,"약한 독이라면 충분히 견딜 수 있을 것 같다.
그냥 먹어보자
...
약한 독이었지만 견디지 못했고 속이 점점 안 좋아진다.",
RNDEVT20_FAIL2DESC,"나무에서 쉬어가도 되지만 빨리 집으로 돌아가기 위해서는 쉴 시간은 없기 때문에 지나갔다.
...
비가 생각보다 길게 와서 옷이 축축하게 젖어
비를 머금은 옷 때문에 움직이는 것이 힘들다.",
RNDEVT21_FAIL2DESC,"돌멩이를 나무에 던져 소리를 내서 동물들의 시선을 돌리고 빠르게 길을 지나가기로 했다.
...
동물들의 시선을 돌리고 지나가는 도중 한 마리가 우리를 발견하여 쫓아와서 발톱으로 긁었다.
피가 조금 났지만 다행히 이 이상 쫓아오지 않고 돌아갔다.",
RNDEVT22_FAIL2DESC,"몬스터들이 설치한 함정은 너무 허술해서
함정이 걸리는 부분만 잘 피해서 지나간다면 해제하지 않고 재료를 챙겨서 지나갈 수 있을 것 같아
잘보고 지나가기로 했다
...
몬스터가 만든 함정은 허술하다고 생각했지만
정교한 부분도 있어서 함정에 걸렸지만 빠르게 탈출하는 데 성공했다.",
RNDEVT23_FAIL2DESC,"작은 몬스터이기 때문에 피할 수 있을 것 같다.
...
풀 숲 옆을 지나가려 하자 몬스터가 공격했다.
몬스터가 공격하는 순간에 피하는 데 성공 했지만 몬스터는 가방의 일부분의 상처를 내어 물건을 가져갔다.",
RNDEVT24_FAIL2DESC,,
RNDEVT25_FAIL2DESC,"조금 색이 이상하지만 충분히 마실 물인 것 같아 마시기로 했다.
...
물이 색이 이상한 건 다 이유가 있었다.
물을 마시자 속이 안좋아진다.",
RNDEVT26_FAIL2DESC,"길 위에 몬스터의 흔적은 언제 생겼는지 모르는 것이다.
조용히 지나간다면 몬스터들이 눈치채지 못하게 하고 지나갈 수 있을 것이다.
....
지나가던 도중에 바닥에 있는 나무를 밟아서 몬스터들에게 발각됐다!",
RNDEVT27_FAIL2DESC,,
RNDEVT28_FAIL2DESC,,
RNDEVT29_FAIL2DESC,,
RNDEVT30_FAIL2DESC,,
RNDEVT31_FAIL2DESC,"수풀을 뒤져보았지만 쓸만한 물건은 보이지 않았다.
더 이상 시간을 지체할 수 없어 길을 나섰다.",
RNDEVT32_FAIL2DESC,,
RNDEVT33_FAIL2DESC,,
RNDEVT34_FAIL2DESC,"역시 오래된 약초을 재료로 썼더니 만든 포션의 상태가 별로 좋지 않았다.
아쉽지만 길을 나섰다.",
RNDEVT35_FAIL2DESC,,
RNDEVT36_FAIL2DESC,,
RNDEVT37_FAIL2DESC,"나무 밑에서 비를 피하기로 했다.
나무 주변에는 작은 동물들이 비를 피하려고 모여있었다.
작은 동물들과 함께 나무 밑에서 비를 피하고 길을 나섰다.",
RNDEVT38_FAIL2DESC,"약초학자의 말대로 독 벌레일 수 있지만 벌레한테 물려서 부어오른 것일 수 있다.
그냥 지나가기로 했다. 길을 걷다 몸 상태가 점점 안 좋아진다. 아무래도 독 벌레였던 거 같다.
잠시 멈춰 치료하고 다시 길을 나섰다.",
RNDEVT39_FAIL2DESC,,
RNDEVT40_FAIL2DESC,,
RNDEVT1_SEL3NAME,,
RNDEVT2_SEL3NAME,,
RNDEVT3_SEL3NAME,,
RNDEVT4_SEL3NAME,,
RNDEVT5_SEL3NAME,,
RNDEVT6_SEL3NAME,,
RNDEVT7_SEL3NAME,,
RNDEVT8_SEL3NAME,,
RNDEVT9_SEL3NAME,,
RNDEVT10_SEL3NAME,,
RNDEVT11_SEL3NAME,지나간다.,
RNDEVT12_SEL3NAME,,
RNDEVT13_SEL3NAME,지나간다.,
RNDEVT14_SEL3NAME,,
RNDEVT15_SEL3NAME,,
RNDEVT16_SEL3NAME,,
RNDEVT17_SEL3NAME,,
RNDEVT18_SEL3NAME,지나간다.,
RNDEVT19_SEL3NAME,지나간다.,
RNDEVT20_SEL3NAME,,
RNDEVT21_SEL3NAME,,
RNDEVT22_SEL3NAME,함정을 피해 지나간다.,
RNDEVT23_SEL3NAME,,
RNDEVT24_SEL3NAME,,
RNDEVT25_SEL3NAME,,
RNDEVT26_SEL3NAME,,
RNDEVT27_SEL3NAME,,
RNDEVT28_SEL3NAME,,
RNDEVT29_SEL3NAME,,
RNDEVT30_SEL3NAME,,
RNDEVT31_SEL3NAME,지나간다.,
RNDEVT32_SEL3NAME,,
RNDEVT33_SEL3NAME,,
RNDEVT34_SEL3NAME,지나간다.,
RNDEVT35_SEL3NAME,,
RNDEVT36_SEL3NAME,,
RNDEVT37_SEL3NAME,그냥 간다.,
RNDEVT38_SEL3NAME,,
RNDEVT39_SEL3NAME,,
RNDEVT40_SEL3NAME,,
RNDEVT1_SUC3DESC,,
RNDEVT2_SUC3DESC,,
RNDEVT3_SUC3DESC,,
RNDEVT4_SUC3DESC,,
RNDEVT5_SUC3DESC,,
RNDEVT6_SUC3DESC,,
RNDEVT7_SUC3DESC,,
RNDEVT8_SUC3DESC,,
RNDEVT9_SUC3DESC,,
RNDEVT10_SUC3DESC,,
RNDEVT11_SUC3DESC,"지금은 먹을 것 이 충분해서 잡을 필요가 없을 것 같다.
길을 지나가자.",
RNDEVT12_SUC3DESC,,
RNDEVT13_SUC3DESC,랜턴 오일이 아쉽기는 하지만 지금은 여유가 있어서 괜찮을 것 같아 길을 나섰다.,
RNDEVT14_SUC3DESC,,
RNDEVT15_SUC3DESC,,
RNDEVT16_SUC3DESC,,
RNDEVT17_SUC3DESC,,
RNDEVT18_SUC3DESC,"달콤한 것도 먹을 수 있으면 좋지만....
벌들에게 공격당해서 앞으로 나아가지 못하면 마녀에게 잡힐꺼야
아쉽지만 다음에 시도해보자.",
RNDEVT19_SUC3DESC,"지금은 여유가 있으니 먹지 않아도 괜찮을 것 같다.
어서 지나가자.",
RNDEVT20_SUC3DESC,,
RNDEVT21_SUC3DESC,,
RNDEVT22_SUC3DESC,"함정에 있는 물건이 탐나긴 하지만
시간을 낭비할 수 없어 함정을 피해 지나가기로 했다.",
RNDEVT23_SUC3DESC,,
RNDEVT24_SUC3DESC,,
RNDEVT25_SUC3DESC,,
RNDEVT26_SUC3DESC,,
RNDEVT27_SUC3DESC,,
RNDEVT28_SUC3DESC,,
RNDEVT29_SUC3DESC,,
RNDEVT30_SUC3DESC,,
RNDEVT31_SUC3DESC,"주변을 둘러보거나 잠깐 연못에서 쉬어갈 여유는 없을 것 같다.
어서 숲을 탈출하자.",
RNDEVT32_SUC3DESC,,
RNDEVT33_SUC3DESC,,
RNDEVT34_SUC3DESC,"지금은 충분히 여유가 있으니
사람들이 지나간 흔적을 쫓아 길을 나섰다.",
RNDEVT35_SUC3DESC,,
RNDEVT36_SUC3DESC,,
RNDEVT37_SUC3DESC,"금방이라도 비가 내릴 것 같았지만 시간이 얼마 없어 지나가기로 했다.
다행히 비가 내리지 않아 별다른 일 없이 지나갈 수 있었다.",
RNDEVT38_SUC3DESC,,
RNDEVT39_SUC3DESC,,
RNDEVT40_SUC3DESC,,
RNDEVT1_FAIL3DESC,,
RNDEVT2_FAIL3DESC,,
RNDEVT3_FAIL3DESC,,
RNDEVT4_FAIL3DESC,,
RNDEVT5_FAIL3DESC,,
RNDEVT6_FAIL3DESC,,
RNDEVT7_FAIL3DESC,,
RNDEVT8_FAIL3DESC,,
RNDEVT9_FAIL3DESC,,
RNDEVT10_FAILDESC,,
RNDEVT11_FAIL3DESC,,
RNDEVT12_FAIL3DESC,,
RNDEVT13_FAIL3DESC,,
RNDEVT14_FAIL3DESC,,
RNDEVT15_FAIL3DESC,,
RNDEVT16_FAIL3DESC,,
RNDEVT17_FAIL3DESC,,
RNDEVT18_FAIL3DESC,,
RNDEVT19_FAIL3DESC,,
RNDEVT20_FAIL3DESC,,
RNDEVT21_FAIL3DESC,,
RNDEVT22_FAIL3DESC,,
RNDEVT23_FAIL3DESC,,
RNDEVT24_FAIL3DESC,,
RNDEVT25_FAIL3DESC,,
RNDEVT26_FAIL3DESC,,
RNDEVT27_FAIL3DESC,,
RNDEVT28_FAIL3DESC,,
RNDEVT29_FAIL3DESC,,
RNDEVT30_FAIL3DESC,,
RNDEVT31_FAIL3DESC,,
RNDEVT32_FAIL3DESC,,
RNDEVT33_FAIL3DESC,,
RNDEVT34_FAIL3DESC,,
RNDEVT35_FAIL3DESC,,
RNDEVT36_FAIL3DESC,,
RNDEVT37_FAIL3DESC,"금방이라도 비가 내릴 것 같았지만 시간이 얼마 없어 지나가기로 했다.
길을 나서자마자 비가 내렸고 옷이 젖어 몸이 무거워져 평소보다 더 힘든 걸음으로 길을 나섰다.",
RNDEVT38_FAIL3DESC,,
RNDEVT39_FAIL3DESC,,
RNDEVT40_FAIL3DESC,,
RNDEVT1_SUC1INFO,스태미나 소모 -5/쪽지 획득,
RNDEVT2_SUC1INFO,,
RNDEVT3_SUC1INFO,스태미나 회복 +10,
RNDEVT4_SUC1INFO,,
RNDEVT5_SUC1INFO,,
RNDEVT6_SUC1INFO,스태미나 소모 -5,
RNDEVT7_SUC1INFO,랜턴 게이지 소모 -1,
RNDEVT8_SUC1INFO,,
RNDEVT9_SUC1INFO,,
RNDEVT10_SUC1INFO,랜턴 게이지 소모 -1,
RNDEVT11_SUC1INFO,아이템 소모-화살,
RNDEVT12_SUC1INFO,,
RNDEVT13_SUC1INFO,체력 소모 -5,
RNDEVT14_SUC1INFO,스태미나 소모 -5/쪽지 획득,
RNDEVT15_SUC1INFO,랜턴 게이지 소모 -1/쪽지 획득,
RNDEVT16_SUC1INFO,체력 소모 -5/쪽지 획득,
RNDEVT17_SUC1INFO,랜턴 게이지 소모 -1,
RNDEVT18_SUC1INFO,스태미나 소모 -10,
RNDEVT19_SUC1INFO,랜턴 게이지 소모 -1,
RNDEVT20_SUC1INFO,1턴 소모,
RNDEVT21_SUC1INFO,아이템 소모 - 고기,
RNDEVT22_SUC1INFO,"1턴 소모
무작위 재료 획득",
RNDEVT23_SUC1INFO,랜턴 게이지 소모 -1,
RNDEVT24_SUC1INFO,"체력 소모 -5
쪽지 획득",
RNDEVT25_SUC1INFO,,
RNDEVT26_SUC1INFO,1턴 소모,
RNDEVT27_SUC1INFO,1턴 소모,
RNDEVT28_SUC1INFO,스태미나 소모 -5/요리재료 획득,
RNDEVT29_SUC1INFO,1턴 소모,
RNDEVT30_SUC1INFO,체력 회복 +10/스태미나 회복 +10,
RNDEVT31_SUC1INFO,스태미나 회복 +10,
RNDEVT32_SUC1INFO,"아이템 소모-화살/아이템 획득-쇠붙이
1턴 소모",
RNDEVT33_SUC1INFO,무작위 재료 획득,
RNDEVT34_SUC1INFO,아이템 획득-오일,
RNDEVT35_SUC1INFO,아이템 획득-포션,
RNDEVT36_SUC1INFO,스태미나 회복 +5,
RNDEVT37_SUC1INFO,1턴 소모,
RNDEVT38_SUC1INFO,1턴 소모,
RNDEVT39_SUC1INFO,스태미나 소모 -10/무작위 재료 획득,
RNDEVT40_SUC1INFO,아이템 소모-화살/아이템 획득-고기,
RNDEVT1_FAIL1INFO,스태미나 소모 -5,
RNDEVT2_FAIL1INFO,,
RNDEVT3_FAIL1INFO,,
RNDEVT4_FAIL1INFO,,
RNDEVT5_FAIL1INFO,,
RNDEVT6_FAIL1INFO,전투 시작,
RNDEVT7_FAIL1INFO,,
RNDEVT8_FAIL1INFO,,
RNDEVT9_FAIL1INFO,,
RNDEVT10_FAIL1INFO,"체력소모 -10
랜턴 게이지 소모 -1",
RNDEVT11_FAIL1INFO,아이템 소모-화살,
RNDEVT12_FAIL1INFO,,
RNDEVT13_FAIL1INFO,,
RNDEVT14_FAIL1INFO,스태미나 소모 - 5,
RNDEVT15_FAIL1INFO,랜턴 게이지 소모 -1,
RNDEVT16_FAIL1INFO,,
RNDEVT17_FAIL1INFO,,
RNDEVT18_FAIL1INFO,체력 소모 -10,
RNDEVT19_FAIL1INFO,,
RNDEVT20_FAIL1INFO,,
RNDEVT21_FAIL1INFO,,
RNDEVT22_FAIL1INFO,1턴 소모,
RNDEVT23_FAIL1INFO,,
RNDEVT24_FAIL1INFO,체력 소모 -5,
RNDEVT25_FAIL1INFO,,
RNDEVT26_FAIL1INFO,,
RNDEVT27_FAIL1INFO,1턴 소모,
RNDEVT28_FAIL1INFO,,
RNDEVT29_FAIL1INFO,1턴 소모,
RNDEVT30_FAIL1INFO,,
RNDEVT31_FAIL1INFO,,
RNDEVT32_FAIL1INFO,아이템 소모,
RNDEVT33_FAIL1INFO,,
RNDEVT34_FAIL1INFO,아이템 소모,
RNDEVT35_FAIL1INFO,1턴 소모,
RNDEVT36_FAIL1INFO,,
RNDEVT37_FAIL1INFO,,
RNDEVT38_FAIL1INFO,,
RNDEVT39_FAIL1INFO,무작위 재료 잃음,
RNDEVT40_FAIL1INFO,스태미나 소모 -10/아이템 소모-화살,
RNDEVT1_SUC2INFO,,
RNDEVT2_SUC2INFO,"스태미나 회복 +10
1턴 소모",
RNDEVT3_SUC2INFO,,
RNDEVT4_SUC2INFO,"스태미나 소모 -10/아이템 획득 씨앗,약초",
RNDEVT5_SUC2INFO,체력 회복 +10,
RNDEVT6_SUC2INFO,,
RNDEVT7_SUC2INFO,,
RNDEVT8_SUC2INFO,체력 회복 +10,
RNDEVT9_SUC2INFO,"스태미나 소모 -10
아이템 획득-오일",
RNDEVT10_SUC2INFO,,
RNDEVT11_SUC2INFO,아이템 획득-고기,
RNDEVT12_SUC2INFO,체력 회복 +10,
RNDEVT13_SUC2INFO,아이템 획득-오일,
RNDEVT14_SUC2INFO,,
RNDEVT15_SUC2INFO,,
RNDEVT16_SUC2INFO,,
RNDEVT17_SUC2INFO,스태미나 회복 +10,
RNDEVT18_SUC2INFO,스태미나 회복 +5,
RNDEVT19_SUC2INFO,스태미나 회복 +5,
RNDEVT20_SUC2INFO,,
RNDEVT21_SUC2INFO,,
RNDEVT22_SUC2INFO,무작위 재료 잃음,
RNDEVT23_SUC2INFO,,
RNDEVT24_SUC2INFO,,
RNDEVT25_SUC2INFO,스태미나 회복 +5,
RNDEVT26_SUC2INFO,,
RNDEVT27_SUC2INFO,,
RNDEVT28_SUC2INFO,,
RNDEVT29_SUC2INFO,,
RNDEVT30_SUC2INFO,무작위 재료 획득,
RNDEVT31_SUCINFO,1턴 소모,
RNDEVT32_SUCINFO,,
RNDEVT33_SUCINFO,,
RNDEVT34_SUCINFO,"아이템 소모
아이템 획득",
RNDEVT35_SUCINFO,,
RNDEVT36_SUCINFO,,
RNDEVT37_SUCINFO,스태미나 회복 +10/1턴 소모,
RNDEVT38_SUCINFO,,
RNDEVT39_SUCINFO,무작위 재료 잃음,
RNDEVT40_SUCINFO,,
RNDEVT1_FAIL2INFO,,
RNDEVT2_FAIL2INFO,1턴 소모,
RNDEVT3_FAIL2INFO,,
RNDEVT4_FAIL2INFO,스태미나 소모 -10,
RNDEVT5_FAIL2INFO,체력 소모 -10,
RNDEVT6_FAIL2INFO,전투 시작,
RNDEVT7_FAIL2INFO,무작위 재료 획득,
RNDEVT8_FAIL2INFO,체력 소모 -10,
RNDEVT9_FAIL2INFO,스태미나 소모 -10,
RNDEVT10_FAIL2INFO,체력 소모 -10,
RNDEVT11_FAIL2INFO,,
RNDEVT12_FAIL2INFO,체력 소모 -10,
RNDEVT13_FAIL2INFO,,
RNDEVT14_FAIL2INFO,,
RNDEVT15_FAIL2INFO,,
RNDEVT16_FAIL2INFO,,
RNDEVT17_FAIL2INFO,,
RNDEVT18_FAIL2INFO,스태미나 소모 -5,
RNDEVT19_FAIL2INFO,스태미나 소모 -10,
RNDEVT20_FAIL2INFO,스태미나 소모 -10,
RNDEVT21_FAIL2INFO,체력 소모 -10,
RNDEVT22_FAIL2INFO,체력 소모 -10,
RNDEVT23_FAIL2INFO,무작위 재료 잃음,
RNDEVT24_FAIL2INFO,,
RNDEVT25_FAIL2INFO,스태미나 소모 -10,
RNDEVT26_FAIL2INFO,전투 시작 시작,
RNDEVT27_FAIL2INFO,,
RNDEVT28_FAIL2INFO,,
RNDEVT29_FAIL2INFO,,
RNDEVT30_FAIL2INFO,,
RNDEVT31_FAIL2INFO,1턴 소모,
RNDEVT32_FAIL2INFO,,
RNDEVT33_FAIL2INFO,,
RNDEVT34_FAIL2INFO,아이템 소모-약초,
RNDEVT35_FAIL2INFO,,
RNDEVT36_FAIL2INFO,,
RNDEVT37_FAIL2INFO,1턴 소모,
RNDEVT38_FAIL2INFO,"체력 소모 -10
1턴 소모",
RNDEVT39_FAIL2INFO,,
RNDEVT40_FAIL2INFO,,
RNDEVT1_SUC3INFO,,
RNDEVT2_SUC3INFO,,
RNDEVT3_SUC3INFO,,
RNDEVT4_SUC3INFO,,
RNDEVT5_SUC3INFO,,
RNDEVT6_SUC3INFO,,
RNDEVT7_SUC3INFO,,
RNDEVT8_SUC3INFO,,
RNDEVT9_SUC3INFO,,
RNDEVT10_SUC3INFO,,
RNDEVT11_SUC3INFO,,
RNDEVT12_SUC3INFO,,
RNDEVT13_SUC3INFO,,
RNDEVT14_SUC3INFO,,
RNDEVT15_SUC3INFO,,
RNDEVT16_SUC3INFO,,
RNDEVT17_SUC3INFO,,
RNDEVT18_SUC3INFO,,
RNDEVT19_SUC3INFO,,
RNDEVT20_SUC3INFO,,
RNDEVT21_SUC3INFO,,
RNDEVT22_SUC3INFO,,
RNDEVT23_SUC3INFO,,
RNDEVT24_SUC3INFO,,
RNDEVT25_SUC3INFO,,
RNDEVT26_SUC3INFO,,
RNDEVT27_SUC3INFO,,
RNDEVT28_SUC3INFO,,
RNDEVT29_SUC3INFO,,
RNDEVT30_SUC3INFO,,
RNDEVT31_SUC3INFO,,
RNDEVT32_SUC3INFO,,
RNDEVT33_SUC3INFO,,
RNDEVT34_SUC3INFO,,
RNDEVT35_SUC3INFO,,
RNDEVT36_SUC3INFO,,
RNDEVT37_SUC3INFO,,
RNDEVT38_SUC3INFO,,
RNDEVT39_SUC3INFO,,
RNDEVT40_SUC3INFO,,
RNDEVT1_FAIL3INFO,,
RNDEVT2_FAIL3INFO,,
RNDEVT3_FAIL3INFO,,
RNDEVT4_FAIL3INFO,,
RNDEVT5_FAIL3INFO,,
RNDEVT6_FAIL3INFO,,
RNDEVT7_FAIL3INFO,,
RNDEVT8_FAIL3INFO,,
RNDEVT9_FAIL3INFO,,
RNDEVT10_FAIL3INFO,,
RNDEVT11_FAIL3INFO,,
RNDEVT12_FAIL3INFO,,
RNDEVT13_FAIL3INFO,,
RNDEVT14_FAIL3INFO,,
RNDEVT15_FAIL3INFO,,
RNDEVT16_FAIL3INFO,,
RNDEVT17_FAIL3INFO,,
RNDEVT18_FAIL3INFO,,
RNDEVT19_FAIL3INFO,,
RNDEVT20_FAIL3INFO,,
RNDEVT21_FAIL3INFO,,
RNDEVT22_FAIL3INFO,,
RNDEVT23_FAIL3INFO,,
RNDEVT24_FAIL3INFO,,
RNDEVT25_FAIL3INFO,,
RNDEVT26_FAIL3INFO,,
RNDEVT27_FAIL3INFO,,
RNDEVT28_FAIL3INFO,,
RNDEVT29_FAIL3INFO,,
RNDEVT30_FAIL3INFO,,
RNDEVT31_FAIL3INFO,,
RNDEVT32_FAIL3INFO,,
RNDEVT33_FAIL3INFO,,
RNDEVT34_FAIL3INFO,,
RNDEVT35_FAIL3INFO,,
RNDEVT36_FAIL3INFO,,
RNDEVT37_FAIL3INFO,스태미나 소모 -5,
RNDEVT38_FAIL3INFO,,
RNDEVT39_FAIL3INFO,,
RNDEVT40_FAIL3INFO,,
